Samples_num,Accuracy,Loss
10.0,33.56481481481481,2.1795953619393256
10.0,33.56481481481481,2.1795953619393256
10.0,33.56481481481481,2.1795953619393256
